-- phpMyAdmin SQL Dump
-- version 3.3.9
-- http://www.phpmyadmin.net
--
-- Хост: localhost
-- Время создания: Май 24 2020 г., 12:57
-- Версия сервера: 5.5.8
-- Версия PHP: 5.3.5

SET SQL_MODE="NO_AUTO_VALUE_ON_ZERO";


/*!40101 SET @OLD_CHARACTER_SET_CLIENT=@@CHARACTER_SET_CLIENT */;
/*!40101 SET @OLD_CHARACTER_SET_RESULTS=@@CHARACTER_SET_RESULTS */;
/*!40101 SET @OLD_COLLATION_CONNECTION=@@COLLATION_CONNECTION */;
/*!40101 SET NAMES utf8 */;

--
-- База данных: `bg1`
--

-- --------------------------------------------------------

--
-- Структура таблицы `t_accounts`
--

CREATE TABLE IF NOT EXISTS `t_accounts` (
  `ID` int(10) unsigned NOT NULL AUTO_INCREMENT,
  `LOGIN` varchar(20) NOT NULL,
  `PASSWORD` varchar(20) NOT NULL,
  `WOOD` int(10) NOT NULL,
  `FOOD` int(10) NOT NULL,
  `STONE` int(10) NOT NULL,
  `GOLD` int(10) NOT NULL,
  `XLIMIT` int(10) NOT NULL,
  `YLIMIT` int(10) NOT NULL,
  `EXP` int(10) NOT NULL,
  `LEV` int(10) NOT NULL,
  PRIMARY KEY (`ID`)
) ENGINE=InnoDB  DEFAULT CHARSET=latin1 AUTO_INCREMENT=6 ;

--
-- Дамп данных таблицы `t_accounts`
--

INSERT INTO `t_accounts` (`ID`, `LOGIN`, `PASSWORD`, `WOOD`, `FOOD`, `STONE`, `GOLD`, `XLIMIT`, `YLIMIT`, `EXP`, `LEV`) VALUES
(1, 'Player1', '1', 76, 145, 50, 26, 4, 4, 0, 0),
(2, 'Player2', '2', 0, 100, 60, 100, 3, 3, 0, 0),
(5, 'Player3', '3', 16, 134, 90, 212, 3, 3, 0, 0);

-- --------------------------------------------------------

--
-- Структура таблицы `t_account_army`
--

CREATE TABLE IF NOT EXISTS `t_account_army` (
  `ID` int(10) NOT NULL,
  `M1` int(10) NOT NULL,
  `M2` int(10) NOT NULL,
  `M3` int(10) NOT NULL,
  `A1` int(10) NOT NULL,
  `A2` int(10) NOT NULL,
  `A3` int(10) NOT NULL,
  `C1` int(10) NOT NULL,
  `C2` int(10) NOT NULL,
  `T` int(10) NOT NULL,
  PRIMARY KEY (`ID`)
) ENGINE=InnoDB DEFAULT CHARSET=latin1;

--
-- Дамп данных таблицы `t_account_army`
--

INSERT INTO `t_account_army` (`ID`, `M1`, `M2`, `M3`, `A1`, `A2`, `A3`, `C1`, `C2`, `T`) VALUES
(1, 2, 3, 3, 6, 6, 7, 10, 10, 0),
(2, 0, 0, 0, 0, 0, 0, 0, 0, 0),
(5, 0, 0, 0, 0, 0, 0, 0, 0, 5);

-- --------------------------------------------------------

--
-- Структура таблицы `t_bat_freepl`
--

CREATE TABLE IF NOT EXISTS `t_bat_freepl` (
  `ID` int(10) NOT NULL AUTO_INCREMENT,
  `BATTLE_ID` int(10) NOT NULL,
  `X` int(10) NOT NULL,
  `Y` int(10) NOT NULL,
  PRIMARY KEY (`ID`)
) ENGINE=InnoDB  DEFAULT CHARSET=latin1 AUTO_INCREMENT=77 ;

--
-- Дамп данных таблицы `t_bat_freepl`
--

INSERT INTO `t_bat_freepl` (`ID`, `BATTLE_ID`, `X`, `Y`) VALUES
(26, 2, 2, 0),
(27, 2, 2, 4),
(28, 2, 3, 1),
(29, 2, 3, 3),
(30, 2, 4, 1),
(31, 2, 3, 4),
(32, 3, 2, 0),
(33, 3, 2, 4),
(34, 3, 3, 1),
(35, 3, 3, 2),
(36, 3, 4, 2),
(37, 3, 4, 3),
(38, 3, 3, 4),
(39, 4, 2, 0),
(40, 4, 2, 4),
(41, 4, 3, 2),
(42, 4, 4, 2),
(43, 4, 4, 3),
(44, 4, 3, 0),
(45, 4, 3, 4),
(46, 4, 3, 1),
(47, 4, 4, 1),
(48, 4, 3, 3),
(49, 5, 3, 1),
(50, 5, 3, 2),
(51, 5, 4, 1),
(52, 5, 3, 0),
(53, 6, 3, 1),
(54, 6, 3, 2),
(55, 6, 3, 3),
(56, 6, 4, 2),
(57, 6, 4, 3),
(58, 6, 3, 0),
(59, 6, 3, 4),
(60, 7, 3, 2),
(61, 7, 4, 1),
(62, 7, 4, 2),
(63, 7, 3, 4),
(64, 8, 3, 1),
(65, 8, 3, 2),
(66, 8, 3, 0),
(67, 9, 3, 1),
(68, 9, 3, 3),
(69, 9, 4, 3),
(70, 9, 3, 0),
(71, 9, 3, 4),
(72, 10, 3, 1),
(73, 10, 3, 2),
(74, 10, 4, 1),
(75, 10, 4, 2),
(76, 10, 3, 4);

-- --------------------------------------------------------

--
-- Структура таблицы `t_bat_units`
--

CREATE TABLE IF NOT EXISTS `t_bat_units` (
  `ID` int(10) NOT NULL AUTO_INCREMENT,
  `BATTLE_ID` int(10) NOT NULL,
  `ACTOR_ID` int(10) NOT NULL,
  `M1` int(10) NOT NULL,
  `M2` int(10) NOT NULL,
  `M3` int(10) NOT NULL,
  `A1` int(10) NOT NULL,
  `A2` int(10) NOT NULL,
  `A3` int(10) NOT NULL,
  `C1` int(10) NOT NULL,
  `C2` int(10) NOT NULL,
  `T` int(10) NOT NULL,
  PRIMARY KEY (`ID`)
) ENGINE=InnoDB  DEFAULT CHARSET=latin1 AUTO_INCREMENT=29 ;

--
-- Дамп данных таблицы `t_bat_units`
--

INSERT INTO `t_bat_units` (`ID`, `BATTLE_ID`, `ACTOR_ID`, `M1`, `M2`, `M3`, `A1`, `A2`, `A3`, `C1`, `C2`, `T`) VALUES
(1, 1, 1, 0, 0, 0, 0, 0, 0, 0, 0, 5),
(2, 1, 2, 0, 0, 0, 0, 0, 0, 0, 0, 0),
(11, 2, 1, 2, 3, 3, 6, 6, 7, 0, 0, 0),
(12, 2, 2, 0, 3, 0, 0, 6, 6, 10, 0, 15),
(13, 3, 1, 2, 3, 3, 6, 6, 7, 0, 0, 0),
(14, 3, 2, 0, 0, 2, 6, 0, 0, 8, 0, 5),
(15, 4, 1, 2, 3, 3, 6, 6, 7, 0, 0, 0),
(16, 4, 2, 0, 0, 0, 0, 0, 0, 0, 0, 20),
(17, 5, 1, 2, 3, 3, 6, 6, 7, 8, 8, 0),
(18, 5, 2, 0, 0, 2, 0, 6, 6, 0, 8, 20),
(19, 6, 1, 2, 3, 3, 6, 6, 7, 8, 8, 0),
(20, 6, 2, 0, 0, 0, 7, 0, 0, 0, 0, 20),
(21, 7, 1, 2, 3, 3, 6, 6, 7, 10, 10, 0),
(22, 7, 2, 3, 0, 3, 0, 0, 7, 10, 0, 15),
(23, 8, 1, 2, 3, 3, 6, 6, 7, 10, 10, 0),
(24, 8, 2, 0, 0, 4, 6, 5, 7, 0, 9, 20),
(25, 9, 1, 2, 3, 3, 6, 6, 7, 10, 10, 0),
(26, 9, 2, 0, 2, 0, 7, 6, 0, 0, 0, 15),
(27, 10, 1, 2, 3, 3, 6, 6, 7, 10, 10, 0),
(28, 10, 2, 0, 0, 4, 0, 0, 6, 10, 0, 15);

-- --------------------------------------------------------

--
-- Структура таблицы `t_bat_ustat`
--

CREATE TABLE IF NOT EXISTS `t_bat_ustat` (
  `ID` int(10) NOT NULL AUTO_INCREMENT,
  `BATTLE_ID` int(10) NOT NULL,
  `ACTOR_ID` int(10) NOT NULL,
  `U_NUM` int(10) NOT NULL,
  `HP` int(10) NOT NULL,
  `CHP` int(10) NOT NULL,
  `U_TIP` int(10) NOT NULL,
  `BONUS_A` int(10) NOT NULL,
  `BONUS_D` int(10) NOT NULL,
  `DMG` int(10) NOT NULL,
  `ACTION` int(10) NOT NULL,
  `X` int(10) NOT NULL,
  `Y` int(10) NOT NULL,
  PRIMARY KEY (`ID`)
) ENGINE=InnoDB  DEFAULT CHARSET=latin1 AUTO_INCREMENT=162 ;

--
-- Дамп данных таблицы `t_bat_ustat`
--

INSERT INTO `t_bat_ustat` (`ID`, `BATTLE_ID`, `ACTOR_ID`, `U_NUM`, `HP`, `CHP`, `U_TIP`, `BONUS_A`, `BONUS_D`, `DMG`, `ACTION`, `X`, `Y`) VALUES
(48, 2, 1, 0, 40, 40, 2, 0, 0, 5, 0, 2, 1),
(49, 2, 1, 1, 55, 55, 3, 0, 0, 8, 0, 2, 2),
(50, 2, 1, 2, 55, 55, 3, 0, 0, 8, 0, 2, 3),
(51, 2, 1, 3, 45, 45, 6, 0, 0, 10, 0, 1, 1),
(52, 2, 1, 4, 45, 45, 6, 0, 0, 10, 0, 1, 2),
(53, 2, 1, 5, 60, 60, 7, 0, 0, 15, 0, 1, 3),
(54, 2, 1, 8, 999, 999, 99, 0, 0, 0, 0, 0, 2),
(55, 2, 2, 1, 55, 55, 3, 0, 0, 8, 0, 3, 2),
(56, 2, 2, 4, 45, 45, 6, 0, 0, 10, 0, 4, 2),
(57, 2, 2, 5, 45, 45, 6, 0, 0, 10, 0, 4, 3),
(58, 2, 2, 6, 100, 100, 10, 0, 0, 12, 0, 3, 0),
(59, 2, 2, 8, 999, 999, 99, 0, 0, 15, 0, 5, 2),
(60, 3, 1, 0, 40, 40, 2, 0, 0, 5, 0, 2, 1),
(61, 3, 1, 1, 55, 55, 3, 0, 0, 8, 0, 2, 2),
(62, 3, 1, 2, 55, 55, 3, 0, 0, 8, 0, 2, 3),
(63, 3, 1, 3, 45, 45, 6, 0, 0, 10, 0, 1, 1),
(64, 3, 1, 4, 45, 45, 6, 0, 0, 10, 0, 1, 2),
(65, 3, 1, 5, 60, 60, 7, 0, 0, 15, 0, 1, 3),
(66, 3, 1, 8, 999, 999, 99, 0, 0, 0, 0, 0, 2),
(67, 3, 2, 2, 40, 40, 2, 0, 0, 5, 0, 3, 3),
(68, 3, 2, 3, 45, 45, 6, 0, 0, 10, 0, 4, 1),
(69, 3, 2, 6, 55, 55, 8, 0, 0, 6, 0, 3, 0),
(70, 3, 2, 8, 999, 999, 99, 0, 0, 5, 0, 5, 2),
(71, 4, 1, 0, 40, 20, 2, 0, 0, 5, 1, 2, 1),
(72, 4, 1, 1, 55, 55, 3, 0, 0, 8, 0, 2, 2),
(73, 4, 1, 2, 55, 55, 3, 0, 0, 8, 1, 2, 3),
(74, 4, 1, 3, 45, 45, 6, 0, 0, 10, 1, 1, 1),
(75, 4, 1, 4, 45, 45, 6, 0, 0, 10, 0, 1, 2),
(76, 4, 1, 5, 60, 60, 7, 0, 0, 15, 0, 1, 3),
(77, 4, 1, 8, 999, 999, 99, 0, 0, 0, 0, 0, 2),
(81, 4, 2, 8, 999, 999, 99, 0, 0, 20, 0, 5, 2),
(82, 5, 1, 0, 40, 40, 2, 0, 0, 5, 0, 2, 1),
(83, 5, 1, 1, 55, 55, 3, 0, 0, 8, 0, 2, 2),
(84, 5, 1, 2, 55, 55, 3, 0, 0, 8, 0, 2, 3),
(85, 5, 1, 3, 45, 45, 6, 0, 0, 10, 0, 1, 1),
(86, 5, 1, 4, 45, 45, 6, 0, 0, 10, 0, 1, 2),
(87, 5, 1, 5, 60, 60, 7, 0, 0, 15, 0, 1, 3),
(88, 5, 1, 6, 55, 55, 8, 0, 0, 6, 0, 2, 0),
(89, 5, 1, 7, 55, 55, 8, 0, 0, 6, 0, 2, 4),
(90, 5, 1, 8, 999, 999, 99, 0, 0, 0, 0, 0, 2),
(91, 5, 2, 2, 40, 40, 2, 0, 0, 5, 0, 3, 3),
(92, 5, 2, 4, 45, 45, 6, 0, 0, 10, 0, 4, 2),
(93, 5, 2, 5, 45, 45, 6, 0, 0, 10, 0, 4, 3),
(94, 5, 2, 7, 55, 55, 8, 0, 0, 6, 0, 3, 4),
(95, 5, 2, 8, 999, 999, 99, 0, 0, 20, 0, 5, 2),
(96, 6, 1, 0, 40, 25, 2, 0, 0, 5, 0, 2, 1),
(97, 6, 1, 1, 55, 55, 3, 0, 0, 8, 0, 2, 2),
(98, 6, 1, 2, 55, 55, 3, 0, 0, 8, 0, 2, 3),
(99, 6, 1, 3, 45, 45, 6, 0, 0, 10, 1, 1, 1),
(100, 6, 1, 4, 45, 45, 6, 0, 0, 10, 0, 1, 2),
(101, 6, 1, 5, 60, 60, 7, 0, 0, 15, 0, 1, 3),
(102, 6, 1, 6, 55, 55, 8, 0, 0, 6, 0, 2, 0),
(103, 6, 1, 7, 55, 55, 8, 0, 0, 6, 0, 2, 4),
(104, 6, 1, 8, 999, 999, 99, 0, 0, 0, 0, 0, 2),
(105, 6, 2, 3, 60, 45, 7, 0, 0, 15, 0, 4, 1),
(106, 6, 2, 8, 999, 999, 99, 0, 0, 20, 0, 5, 2),
(107, 7, 1, 0, 40, 40, 2, 0, 0, 5, 0, 2, 1),
(108, 7, 1, 1, 55, 55, 3, 0, 0, 8, 0, 2, 2),
(109, 7, 1, 2, 55, 55, 3, 0, 0, 8, 0, 2, 3),
(110, 7, 1, 3, 45, 45, 6, 0, 0, 10, 0, 1, 1),
(111, 7, 1, 4, 45, 45, 6, 0, 0, 10, 0, 1, 2),
(112, 7, 1, 5, 60, 60, 7, 0, 0, 15, 0, 1, 3),
(113, 7, 1, 6, 100, 100, 10, 0, 0, 12, 0, 2, 0),
(114, 7, 1, 7, 100, 100, 10, 0, 0, 12, 0, 2, 4),
(115, 7, 1, 8, 999, 999, 99, 0, 0, 0, 0, 0, 2),
(116, 7, 2, 0, 55, 55, 3, 0, 0, 8, 0, 3, 1),
(117, 7, 2, 2, 55, 55, 3, 0, 0, 8, 0, 3, 3),
(118, 7, 2, 5, 60, 60, 7, 0, 0, 15, 0, 4, 3),
(119, 7, 2, 6, 100, 100, 10, 0, 0, 12, 0, 3, 0),
(120, 7, 2, 8, 999, 999, 99, 0, 0, 15, 0, 5, 2),
(121, 8, 1, 0, 40, 15, 2, 0, 0, 5, 0, 2, 1),
(122, 8, 1, 1, 55, 55, 3, 0, 0, 8, 0, 2, 2),
(123, 8, 1, 2, 55, 55, 3, 0, 0, 8, 0, 2, 3),
(124, 8, 1, 3, 45, 45, 6, 0, 0, 10, 0, 1, 1),
(125, 8, 1, 4, 45, 45, 6, 0, 0, 10, 0, 1, 2),
(126, 8, 1, 5, 60, 60, 7, 0, 0, 15, 0, 1, 3),
(127, 8, 1, 6, 100, 100, 10, 0, 0, 12, 0, 2, 0),
(128, 8, 1, 7, 100, 100, 10, 0, 0, 12, 0, 2, 4),
(129, 8, 1, 8, 999, 999, 99, 0, 0, 0, 0, 0, 2),
(130, 8, 2, 2, 75, 75, 4, 0, 0, 10, 0, 3, 3),
(131, 8, 2, 3, 45, 45, 6, 0, 0, 10, 0, 4, 1),
(132, 8, 2, 4, 35, 35, 5, 0, 0, 5, 0, 4, 2),
(133, 8, 2, 5, 60, 60, 7, 0, 0, 15, 0, 4, 3),
(134, 8, 2, 7, 70, 70, 9, 0, 0, 10, 0, 3, 4),
(135, 8, 2, 8, 999, 999, 99, 0, 0, 20, 0, 5, 2),
(136, 9, 1, 0, 40, 40, 2, 0, 0, 5, 0, 2, 1),
(137, 9, 1, 1, 55, 55, 3, 0, 0, 8, 0, 2, 2),
(138, 9, 1, 2, 55, 55, 3, 0, 0, 8, 0, 2, 3),
(139, 9, 1, 3, 45, 45, 6, 0, 0, 10, 0, 1, 1),
(140, 9, 1, 4, 45, 45, 6, 0, 0, 10, 0, 1, 2),
(141, 9, 1, 5, 60, 60, 7, 0, 0, 15, 0, 1, 3),
(142, 9, 1, 6, 100, 100, 10, 0, 0, 12, 0, 2, 0),
(143, 9, 1, 7, 100, 100, 10, 0, 0, 12, 0, 2, 4),
(144, 9, 1, 8, 999, 999, 99, 0, 0, 0, 0, 0, 2),
(145, 9, 2, 1, 40, 40, 2, 0, 0, 5, 0, 3, 2),
(146, 9, 2, 3, 60, 60, 7, 0, 0, 15, 0, 4, 1),
(147, 9, 2, 4, 45, 45, 6, 0, 0, 10, 0, 4, 2),
(148, 9, 2, 8, 999, 999, 99, 0, 0, 15, 0, 5, 2),
(149, 10, 1, 0, 40, 40, 2, 0, 0, 5, 0, 2, 1),
(150, 10, 1, 1, 55, 55, 3, 0, 0, 8, 0, 2, 2),
(151, 10, 1, 2, 55, 55, 3, 0, 0, 8, 0, 2, 3),
(152, 10, 1, 3, 45, 45, 6, 0, 0, 10, 0, 1, 1),
(153, 10, 1, 4, 45, 45, 6, 0, 0, 10, 0, 1, 2),
(154, 10, 1, 5, 60, 60, 7, 0, 0, 15, 0, 1, 3),
(155, 10, 1, 6, 100, 100, 10, 0, 0, 12, 0, 2, 0),
(156, 10, 1, 7, 100, 100, 10, 0, 0, 12, 0, 2, 4),
(157, 10, 1, 8, 999, 999, 99, 0, 0, 0, 0, 0, 2),
(158, 10, 2, 2, 75, 75, 4, 0, 0, 10, 0, 3, 3),
(159, 10, 2, 5, 45, 45, 6, 0, 0, 10, 0, 4, 3),
(160, 10, 2, 6, 100, 100, 10, 0, 0, 12, 0, 3, 0),
(161, 10, 2, 8, 999, 999, 99, 0, 0, 15, 0, 5, 2);

-- --------------------------------------------------------

--
-- Структура таблицы `t_neutral`
--

CREATE TABLE IF NOT EXISTS `t_neutral` (
  `ID` int(10) NOT NULL AUTO_INCREMENT,
  `M1` int(10) NOT NULL,
  `M2` int(10) NOT NULL,
  `M3` int(10) NOT NULL,
  `A1` int(10) NOT NULL,
  `A2` int(10) NOT NULL,
  `A3` int(10) NOT NULL,
  `C1` int(10) NOT NULL,
  `C2` int(10) NOT NULL,
  `T` int(10) NOT NULL,
  `RES_N` int(10) NOT NULL,
  `RES_V` int(10) NOT NULL,
  PRIMARY KEY (`ID`)
) ENGINE=InnoDB  DEFAULT CHARSET=latin1 AUTO_INCREMENT=201 ;

--
-- Дамп данных таблицы `t_neutral`
--

INSERT INTO `t_neutral` (`ID`, `M1`, `M2`, `M3`, `A1`, `A2`, `A3`, `C1`, `C2`, `T`, `RES_N`, `RES_V`) VALUES
(1, 3, 4, 0, 5, 6, 6, 10, 8, 5, 4, 51),
(2, 2, 0, 0, 6, 6, 6, 0, 8, 15, 3, 37),
(3, 2, 0, 0, 5, 0, 5, 0, 9, 5, 4, 22),
(4, 0, 3, 4, 5, 0, 7, 0, 9, 5, 1, 41),
(5, 0, 0, 4, 5, 0, 0, 0, 8, 20, 3, 28),
(6, 4, 3, 3, 0, 7, 5, 9, 9, 20, 2, 62),
(7, 4, 2, 4, 7, 0, 5, 9, 9, 5, 2, 55),
(8, 0, 3, 2, 5, 7, 6, 8, 8, 5, 1, 43),
(9, 4, 4, 2, 6, 5, 7, 10, 8, 15, 3, 67),
(10, 4, 0, 4, 6, 7, 0, 0, 9, 10, 4, 49),
(11, 3, 0, 0, 7, 0, 5, 0, 10, 5, 3, 34),
(12, 2, 4, 3, 7, 5, 5, 8, 8, 5, 1, 50),
(13, 4, 3, 3, 6, 5, 6, 8, 0, 10, 3, 51),
(14, 2, 0, 2, 7, 7, 0, 0, 8, 20, 4, 42),
(15, 2, 3, 0, 5, 5, 6, 9, 0, 20, 4, 43),
(16, 4, 4, 3, 5, 5, 0, 0, 9, 5, 1, 45),
(17, 4, 2, 4, 5, 5, 0, 9, 8, 15, 1, 51),
(18, 0, 3, 3, 6, 0, 6, 9, 8, 10, 4, 44),
(19, 4, 2, 0, 6, 7, 0, 9, 8, 5, 2, 45),
(20, 2, 4, 4, 0, 7, 5, 10, 9, 5, 2, 58),
(21, 2, 4, 3, 5, 6, 5, 8, 10, 10, 1, 55),
(22, 2, 2, 4, 6, 6, 0, 8, 10, 10, 3, 51),
(23, 4, 0, 0, 6, 0, 6, 0, 8, 20, 3, 38),
(24, 3, 2, 3, 5, 5, 0, 10, 10, 5, 1, 49),
(25, 2, 3, 4, 6, 6, 7, 8, 8, 5, 2, 56),
(26, 2, 4, 3, 7, 0, 0, 10, 0, 15, 1, 49),
(27, 0, 4, 3, 0, 0, 7, 9, 9, 10, 3, 46),
(28, 2, 0, 3, 0, 6, 7, 8, 10, 15, 3, 50),
(29, 2, 3, 4, 6, 7, 5, 8, 9, 20, 2, 63),
(30, 4, 4, 3, 6, 0, 7, 0, 0, 5, 1, 47),
(31, 2, 4, 4, 7, 5, 5, 10, 0, 20, 3, 62),
(32, 2, 3, 0, 7, 6, 6, 9, 9, 5, 4, 52),
(33, 2, 3, 0, 5, 6, 6, 10, 8, 10, 2, 48),
(34, 0, 2, 3, 0, 7, 6, 9, 8, 10, 4, 44),
(35, 2, 2, 2, 6, 0, 0, 10, 8, 15, 4, 41),
(36, 0, 0, 0, 6, 7, 7, 0, 0, 5, 3, 30),
(37, 0, 2, 3, 5, 5, 5, 0, 0, 5, 2, 26),
(38, 2, 4, 3, 0, 6, 5, 8, 0, 10, 4, 41),
(39, 0, 4, 3, 0, 5, 6, 0, 0, 20, 4, 38),
(40, 3, 4, 0, 0, 5, 5, 9, 8, 15, 3, 44),
(41, 0, 2, 3, 6, 7, 6, 8, 0, 5, 4, 42),
(42, 2, 2, 4, 7, 5, 0, 0, 9, 15, 2, 47),
(43, 4, 2, 3, 0, 5, 0, 8, 8, 5, 2, 36),
(44, 4, 0, 2, 0, 5, 0, 10, 10, 15, 4, 46),
(45, 0, 3, 3, 6, 0, 7, 9, 10, 20, 1, 58),
(46, 2, 2, 2, 6, 7, 0, 8, 9, 20, 1, 50),
(47, 4, 0, 0, 5, 7, 7, 9, 9, 20, 1, 58),
(48, 0, 2, 3, 5, 0, 7, 9, 8, 10, 3, 41),
(49, 2, 4, 3, 5, 5, 7, 9, 0, 10, 2, 51),
(50, 3, 3, 0, 7, 7, 5, 10, 8, 20, 1, 62),
(51, 3, 2, 4, 6, 6, 7, 8, 10, 10, 1, 64),
(52, 0, 0, 0, 5, 5, 0, 9, 10, 15, 4, 33),
(53, 0, 3, 4, 5, 6, 5, 0, 8, 10, 3, 41),
(54, 4, 2, 2, 5, 0, 7, 10, 0, 15, 4, 50),
(55, 3, 3, 3, 6, 0, 6, 8, 9, 5, 4, 49),
(56, 0, 3, 4, 0, 6, 6, 9, 10, 15, 2, 56),
(57, 0, 0, 4, 5, 7, 0, 9, 10, 10, 2, 46),
(58, 2, 3, 2, 7, 5, 7, 9, 10, 15, 2, 64),
(59, 0, 3, 4, 0, 0, 0, 9, 10, 20, 1, 44),
(60, 3, 0, 2, 0, 6, 5, 8, 10, 15, 4, 44),
(61, 2, 2, 3, 5, 5, 0, 8, 0, 10, 4, 32),
(62, 2, 3, 3, 5, 0, 5, 10, 0, 20, 1, 46),
(63, 3, 0, 4, 6, 7, 0, 9, 0, 15, 3, 49),
(64, 0, 3, 4, 5, 0, 7, 10, 0, 20, 1, 51),
(65, 3, 4, 3, 7, 5, 7, 9, 9, 20, 1, 72),
(66, 3, 0, 4, 0, 5, 0, 9, 0, 20, 4, 38),
(67, 4, 0, 4, 5, 6, 5, 0, 8, 15, 1, 47),
(68, 3, 0, 0, 6, 0, 0, 8, 8, 15, 4, 30),
(69, 2, 4, 3, 7, 5, 0, 8, 9, 20, 4, 56),
(70, 3, 3, 4, 5, 7, 0, 9, 0, 10, 3, 50),
(71, 4, 0, 4, 7, 0, 5, 0, 0, 20, 3, 44),
(72, 4, 4, 0, 6, 0, 6, 0, 10, 20, 4, 54),
(73, 3, 2, 3, 0, 7, 6, 8, 8, 5, 3, 46),
(74, 0, 4, 2, 7, 5, 6, 8, 0, 10, 1, 44),
(75, 4, 4, 3, 7, 5, 0, 0, 8, 10, 3, 50),
(76, 3, 4, 3, 0, 0, 5, 9, 10, 10, 4, 50),
(77, 4, 0, 0, 0, 0, 5, 8, 0, 5, 2, 21),
(78, 4, 4, 0, 7, 6, 6, 10, 9, 10, 4, 66),
(79, 4, 0, 4, 7, 0, 5, 10, 9, 10, 4, 56),
(80, 3, 0, 0, 6, 6, 7, 9, 10, 20, 3, 58),
(81, 0, 4, 4, 6, 6, 7, 0, 0, 20, 4, 54),
(82, 4, 2, 4, 6, 5, 7, 10, 9, 5, 3, 65),
(83, 4, 4, 0, 0, 7, 7, 8, 10, 5, 1, 57),
(84, 2, 4, 3, 0, 5, 0, 9, 9, 20, 4, 49),
(85, 0, 0, 4, 6, 5, 7, 0, 9, 20, 4, 48),
(86, 3, 3, 2, 6, 0, 0, 10, 10, 10, 2, 50),
(87, 0, 2, 3, 0, 6, 0, 0, 9, 5, 2, 28),
(88, 0, 0, 4, 0, 0, 6, 10, 0, 15, 1, 35),
(89, 2, 4, 3, 6, 6, 0, 9, 10, 5, 4, 55),
(90, 0, 0, 3, 6, 0, 0, 9, 0, 5, 4, 24),
(91, 4, 4, 3, 5, 7, 0, 10, 9, 5, 1, 61),
(92, 0, 3, 2, 6, 7, 5, 0, 9, 10, 3, 44),
(93, 4, 4, 4, 6, 5, 6, 10, 0, 10, 4, 63),
(94, 3, 0, 4, 5, 6, 6, 8, 10, 5, 3, 52),
(95, 3, 4, 0, 0, 6, 6, 9, 10, 20, 1, 58),
(96, 2, 2, 0, 6, 0, 7, 9, 8, 5, 4, 39),
(97, 2, 3, 3, 0, 5, 6, 10, 9, 5, 3, 49),
(98, 3, 2, 2, 6, 6, 5, 8, 0, 15, 2, 45),
(99, 0, 2, 4, 6, 6, 0, 10, 0, 5, 1, 41),
(100, 3, 3, 3, 0, 7, 7, 8, 10, 15, 3, 63),
(101, 2, 0, 3, 5, 0, 0, 9, 10, 10, 3, 37),
(102, 4, 0, 3, 0, 0, 0, 9, 0, 15, 2, 32),
(103, 0, 3, 3, 7, 6, 0, 0, 8, 10, 1, 40),
(104, 0, 0, 3, 0, 0, 0, 0, 0, 5, 2, 10),
(105, 2, 0, 4, 6, 0, 0, 0, 0, 20, 1, 31),
(106, 0, 0, 0, 0, 0, 0, 10, 0, 15, 1, 18),
(107, 3, 3, 0, 0, 0, 7, 9, 9, 15, 2, 46),
(108, 0, 3, 3, 0, 0, 0, 0, 0, 5, 1, 17),
(109, 3, 4, 0, 0, 7, 0, 0, 9, 20, 1, 44),
(110, 2, 0, 4, 7, 0, 0, 0, 8, 20, 3, 38),
(111, 0, 0, 2, 0, 6, 6, 0, 8, 20, 4, 32),
(112, 0, 2, 3, 0, 0, 0, 0, 0, 10, 4, 16),
(113, 0, 0, 0, 7, 0, 0, 0, 0, 20, 4, 20),
(114, 0, 0, 0, 0, 6, 7, 0, 9, 10, 4, 29),
(115, 0, 3, 0, 0, 7, 0, 10, 0, 15, 4, 35),
(116, 2, 4, 4, 7, 7, 0, 0, 0, 15, 1, 52),
(117, 3, 4, 0, 0, 0, 0, 0, 0, 5, 2, 20),
(118, 0, 0, 0, 6, 0, 0, 0, 0, 15, 2, 15),
(119, 2, 0, 0, 0, 0, 0, 0, 10, 15, 4, 22),
(120, 0, 4, 0, 0, 7, 0, 0, 10, 15, 3, 38),
(121, 0, 4, 0, 0, 0, 0, 9, 10, 20, 2, 37),
(122, 0, 0, 0, 6, 0, 0, 10, 9, 20, 2, 34),
(123, 3, 2, 0, 6, 0, 5, 0, 0, 20, 1, 32),
(124, 0, 0, 0, 0, 0, 6, 0, 0, 5, 1, 10),
(125, 0, 0, 4, 5, 6, 0, 0, 9, 5, 4, 31),
(126, 0, 0, 3, 0, 0, 7, 0, 10, 20, 1, 37),
(127, 0, 0, 0, 0, 0, 7, 10, 0, 20, 2, 30),
(128, 0, 0, 4, 0, 7, 0, 9, 0, 5, 3, 30),
(129, 0, 0, 0, 5, 0, 0, 0, 10, 15, 1, 22),
(130, 0, 0, 0, 0, 6, 6, 0, 9, 15, 3, 29),
(131, 3, 0, 3, 0, 0, 7, 10, 0, 15, 3, 42),
(132, 0, 0, 0, 0, 0, 6, 9, 8, 20, 2, 28),
(133, 0, 4, 0, 5, 0, 0, 10, 0, 5, 1, 27),
(134, 4, 2, 0, 0, 0, 0, 10, 0, 20, 2, 34),
(135, 0, 2, 0, 0, 6, 0, 0, 0, 15, 2, 19),
(136, 0, 0, 4, 0, 7, 0, 0, 10, 15, 3, 38),
(137, 0, 0, 0, 0, 5, 6, 10, 9, 5, 3, 31),
(138, 4, 2, 0, 0, 0, 7, 8, 0, 5, 2, 31),
(139, 0, 3, 0, 0, 6, 6, 10, 0, 15, 3, 39),
(140, 0, 0, 0, 5, 0, 0, 10, 0, 20, 1, 24),
(141, 0, 3, 4, 0, 6, 0, 0, 0, 20, 2, 34),
(142, 3, 0, 0, 0, 0, 0, 8, 9, 10, 2, 23),
(143, 2, 0, 0, 0, 7, 0, 0, 0, 10, 4, 19),
(144, 0, 0, 0, 6, 0, 0, 8, 0, 10, 1, 16),
(145, 3, 2, 0, 0, 6, 6, 0, 0, 15, 1, 33),
(146, 0, 3, 2, 7, 7, 6, 0, 0, 10, 1, 43),
(147, 4, 4, 0, 0, 0, 0, 8, 8, 20, 4, 38),
(148, 0, 0, 3, 5, 0, 0, 0, 0, 15, 3, 19),
(149, 0, 0, 2, 0, 0, 7, 0, 0, 10, 3, 19),
(150, 0, 0, 2, 0, 5, 0, 10, 0, 15, 1, 26),
(151, 0, 2, 0, 7, 6, 0, 0, 0, 15, 4, 29),
(152, 4, 0, 3, 7, 5, 0, 8, 0, 20, 3, 45),
(153, 4, 0, 0, 0, 6, 0, 0, 9, 20, 3, 34),
(154, 0, 0, 0, 0, 5, 6, 0, 0, 20, 2, 21),
(155, 4, 2, 3, 6, 0, 0, 10, 0, 15, 4, 46),
(156, 0, 3, 0, 0, 5, 0, 0, 0, 20, 3, 21),
(157, 0, 0, 0, 0, 0, 0, 8, 0, 20, 4, 14),
(158, 3, 0, 0, 7, 5, 0, 9, 10, 10, 3, 43),
(159, 0, 2, 4, 7, 6, 5, 8, 0, 10, 1, 44),
(160, 2, 0, 2, 0, 7, 0, 0, 8, 20, 3, 32),
(161, 0, 0, 2, 0, 0, 6, 0, 10, 5, 1, 24),
(162, 0, 0, 3, 0, 5, 0, 0, 0, 5, 2, 14),
(163, 0, 3, 0, 0, 0, 7, 0, 0, 15, 2, 25),
(164, 3, 4, 3, 0, 6, 5, 0, 0, 20, 4, 45),
(165, 0, 0, 2, 0, 6, 0, 0, 10, 5, 1, 24),
(166, 0, 2, 0, 0, 0, 5, 8, 0, 15, 4, 20),
(167, 2, 3, 3, 5, 0, 0, 0, 0, 10, 1, 27),
(168, 4, 0, 3, 0, 5, 0, 0, 0, 15, 3, 29),
(169, 0, 0, 0, 6, 0, 5, 0, 0, 5, 3, 14),
(170, 3, 0, 3, 6, 0, 0, 0, 0, 5, 2, 24),
(171, 0, 0, 2, 0, 0, 0, 8, 10, 20, 1, 28),
(172, 2, 0, 0, 7, 0, 6, 0, 9, 5, 2, 31),
(173, 0, 0, 4, 6, 0, 5, 0, 8, 10, 1, 30),
(174, 0, 0, 0, 7, 0, 6, 0, 9, 15, 3, 32),
(175, 0, 0, 0, 0, 7, 0, 0, 0, 15, 2, 18),
(176, 0, 0, 0, 7, 0, 0, 8, 10, 15, 4, 32),
(177, 3, 4, 0, 6, 0, 7, 0, 0, 20, 4, 44),
(178, 0, 0, 0, 0, 5, 7, 10, 8, 15, 4, 36),
(179, 0, 0, 0, 0, 0, 7, 0, 0, 15, 2, 18),
(180, 2, 3, 0, 0, 5, 6, 9, 0, 10, 4, 34),
(181, 0, 4, 0, 0, 0, 0, 0, 0, 10, 2, 15),
(182, 4, 0, 0, 0, 0, 0, 8, 9, 5, 2, 24),
(183, 0, 2, 0, 0, 7, 0, 8, 0, 5, 1, 21),
(184, 0, 0, 0, 6, 6, 5, 9, 0, 20, 2, 35),
(185, 0, 0, 0, 6, 0, 0, 0, 0, 10, 2, 12),
(186, 2, 3, 2, 0, 0, 5, 9, 0, 15, 4, 34),
(187, 0, 0, 4, 0, 0, 7, 0, 0, 20, 2, 30),
(188, 0, 0, 3, 0, 7, 6, 8, 0, 20, 4, 38),
(189, 0, 0, 4, 0, 5, 0, 8, 10, 5, 2, 31),
(190, 0, 4, 2, 5, 6, 0, 0, 0, 5, 3, 28),
(191, 3, 0, 3, 5, 5, 0, 0, 0, 5, 2, 25),
(192, 0, 0, 2, 6, 0, 0, 8, 0, 5, 1, 18),
(193, 3, 0, 0, 7, 0, 0, 0, 0, 20, 3, 27),
(194, 0, 3, 0, 0, 0, 0, 9, 10, 10, 4, 29),
(195, 3, 0, 0, 5, 0, 0, 0, 0, 5, 3, 14),
(196, 3, 0, 4, 0, 5, 5, 10, 0, 10, 4, 40),
(197, 3, 0, 0, 0, 0, 0, 0, 0, 20, 3, 17),
(198, 0, 0, 0, 0, 6, 0, 0, 8, 20, 3, 21),
(199, 2, 0, 0, 0, 0, 0, 8, 0, 15, 1, 16),
(200, 0, 3, 4, 0, 0, 0, 9, 9, 10, 4, 36);

-- --------------------------------------------------------

--
-- Структура таблицы `uinfo`
--

CREATE TABLE IF NOT EXISTS `uinfo` (
  `ID` int(10) NOT NULL,
  `NAME` varchar(20) CHARACTER SET utf8 COLLATE utf8_bin NOT NULL,
  `WOOD` int(10) NOT NULL,
  `GOLD` int(10) NOT NULL,
  `FOOD` int(10) NOT NULL,
  `STONE` int(10) NOT NULL,
  `ZD_ID` int(10) NOT NULL,
  `HP` int(10) NOT NULL,
  `DMG` int(10) NOT NULL,
  `LEV` int(10) NOT NULL,
  `TIP` int(10) NOT NULL,
  `MS` int(10) NOT NULL,
  `TAT` int(10) NOT NULL,
  PRIMARY KEY (`ID`)
) ENGINE=InnoDB DEFAULT CHARSET=latin1;

--
-- Дамп данных таблицы `uinfo`
--

INSERT INTO `uinfo` (`ID`, `NAME`, `WOOD`, `GOLD`, `FOOD`, `STONE`, `ZD_ID`, `HP`, `DMG`, `LEV`, `TIP`, `MS`, `TAT`) VALUES
(1, 'Крестьянин', 0, 0, 45, 0, 1, 30, 3, 1, 5, 1, 0),
(2, 'Копейщик', 25, 0, 25, 0, 6, 40, 5, 1, 1, 1, 0),
(3, 'Мечник', 0, 20, 40, 0, 6, 55, 8, 2, 1, 1, 0),
(4, 'Крестоносец', 10, 40, 40, 0, 6, 75, 10, 3, 1, 1, 0),
(5, 'Метатель копья', 15, 0, 25, 0, 7, 35, 5, 1, 2, 1, 1),
(6, 'Лучник', 25, 10, 20, 0, 7, 45, 10, 2, 2, 1, 1),
(7, 'Арбалетчик', 40, 20, 15, 0, 7, 60, 15, 3, 2, 1, 1),
(8, 'Легкая кавалерия', 0, 5, 55, 0, 8, 55, 6, 1, 3, 2, 0),
(9, 'Конный лучник', 20, 30, 30, 0, 8, 70, 10, 2, 3, 2, 1),
(10, 'Рыцарь', 0, 55, 45, 0, 8, 100, 12, 3, 3, 2, 0);

-- --------------------------------------------------------

--
-- Структура таблицы `user_pe`
--

CREATE TABLE IF NOT EXISTS `user_pe` (
  `ID` int(10) NOT NULL,
  `WOOD_C` int(10) NOT NULL,
  `GOLD_C` int(10) NOT NULL,
  `FOOD_C` int(10) NOT NULL,
  `STONE_C` int(10) NOT NULL,
  `FREE_C` int(10) NOT NULL,
  PRIMARY KEY (`ID`)
) ENGINE=InnoDB DEFAULT CHARSET=latin1;

--
-- Дамп данных таблицы `user_pe`
--

INSERT INTO `user_pe` (`ID`, `WOOD_C`, `GOLD_C`, `FOOD_C`, `STONE_C`, `FREE_C`) VALUES
(1, 0, 1, 2, 0, 0),
(2, 0, 0, 0, 0, 0);

-- --------------------------------------------------------

--
-- Структура таблицы `user_u`
--

CREATE TABLE IF NOT EXISTS `user_u` (
  `ID` int(10) NOT NULL AUTO_INCREMENT,
  `ACCOUNT_ID` int(10) NOT NULL,
  `U_ID` int(10) NOT NULL,
  `CO` int(10) NOT NULL,
  PRIMARY KEY (`ID`)
) ENGINE=InnoDB  DEFAULT CHARSET=latin1 AUTO_INCREMENT=9 ;

--
-- Дамп данных таблицы `user_u`
--

INSERT INTO `user_u` (`ID`, `ACCOUNT_ID`, `U_ID`, `CO`) VALUES
(1, 1, 1, 3),
(2, 1, 2, 1),
(3, 2, 1, 3),
(4, 1, 3, 2),
(5, 1, 6, 2),
(6, 1, 7, 2),
(7, 1, 8, 2),
(8, 1, 10, 2);

-- --------------------------------------------------------

--
-- Структура таблицы `user_zd`
--

CREATE TABLE IF NOT EXISTS `user_zd` (
  `ID` int(10) NOT NULL AUTO_INCREMENT,
  `ACCOUNT_ID` int(10) NOT NULL,
  `ZD_ID` int(10) NOT NULL,
  `X` int(10) NOT NULL,
  `Y` int(10) NOT NULL,
  PRIMARY KEY (`ID`)
) ENGINE=InnoDB  DEFAULT CHARSET=latin1 AUTO_INCREMENT=23 ;

--
-- Дамп данных таблицы `user_zd`
--

INSERT INTO `user_zd` (`ID`, `ACCOUNT_ID`, `ZD_ID`, `X`, `Y`) VALUES
(1, 1, 1, 0, 0),
(2, 1, 2, 1, 0),
(5, 1, 3, 1, 1),
(6, 1, 4, 2, 0),
(8, 2, 1, 0, 0),
(9, 1, 9, 0, 1),
(10, 1, 5, 2, 1),
(11, 1, 7, 0, 2),
(12, 1, 1, 3, 0),
(13, 5, 9, 0, 0),
(14, 5, 1, 1, 0),
(15, 5, 6, 2, 0),
(16, 5, 6, 0, 1),
(17, 1, 8, 1, 2),
(18, 1, 1, 2, 2),
(19, 1, 9, 3, 1),
(20, 1, 9, 3, 2),
(21, 1, 8, 0, 3),
(22, 1, 8, 1, 3);

-- --------------------------------------------------------

--
-- Структура таблицы `zdinfo`
--

CREATE TABLE IF NOT EXISTS `zdinfo` (
  `ID` int(10) NOT NULL AUTO_INCREMENT,
  `NAME` varchar(20) CHARACTER SET utf8 COLLATE utf8_bin NOT NULL,
  `WOOD` int(10) NOT NULL,
  `GOLD` int(10) NOT NULL,
  `FOOD` int(10) NOT NULL,
  `STONE` int(10) NOT NULL,
  `DESCR` varchar(80) CHARACTER SET utf8 NOT NULL,
  `LIM` int(10) NOT NULL,
  PRIMARY KEY (`ID`)
) ENGINE=InnoDB  DEFAULT CHARSET=latin1 AUTO_INCREMENT=13 ;

--
-- Дамп данных таблицы `zdinfo`
--

INSERT INTO `zdinfo` (`ID`, `NAME`, `WOOD`, `GOLD`, `FOOD`, `STONE`, `DESCR`, `LIM`) VALUES
(1, 'Дом', 25, 0, 0, 10, 'Добавляет 5 населения', 10),
(2, 'Лесопилка', 35, 0, 0, 0, 'Дает прирост дерева', 3),
(3, 'Золотая_шахта', 45, 0, 10, 0, 'Дает прирост золота', 3),
(4, 'Сад', 45, 0, 0, 0, 'Дает прирост еды', 3),
(5, 'Каменоломня', 40, 0, 0, 0, 'Дает прирост камня', 3),
(6, 'Казармы', 50, 0, 0, 20, 'Позволяют нанимать пехоту', 3),
(7, 'Стрельбище', 45, 0, 0, 30, 'Позволяют нанимать лучников', 3),
(8, 'Конюшня', 45, 10, 0, 25, 'Позволяют нанимать конницу', 3),
(9, 'Склад', 20, 10, 0, 40, 'Дает 40 к лимиту каждого ресурса', 10),
(10, 'Оружейня', 10, 10, 0, 40, 'Дает бонус к защите вашей армии', 3),
(11, 'Башня', 0, 20, 0, 45, 'Стреляет по врагам в битве', 3),
(12, 'Храм', 0, 20, 15, 40, 'Дает бонус к атаке вашей армии', 2);
